company,email,location
Corfu Villa Maintenance,info@corfuvillamaintenance.com,Greece
Mykonos Luxury Villas,info@mlv.villas,Greece
Santorini Villa Rentals,info@santorinivillarentals.com,Greece
Crete Luxury Villas,info@creteluxuryvillas.com,Greece
Paros Luxury Villas,info@parosluxuryvillas.com,Greece
Rhodes Luxury Estates,info@rhodesluxuryestates.com,Greece
Zakynthos Villa Care,info@zakynthosvillacare.com,Greece
Corfu Homes Villa Management,info@corfuhomes.gr,Greece
Athens Riviera Villas,info@athensrivieravillas.com,Greece
Elite Villa Management Greece,contact@elitevillagreece.com,Greece
Miami Luxury Villa Care,info@miamiluxuryvillacare.com,USA
Orlando Vacation Home Care,contact@orlandovacationhomecare.com,USA
Malibu Luxury Estates,info@malibuluxuryestates.com,USA
Palm Springs Villa Management,info@psvillamanagement.com,USA
Aspen Luxury Chalet Care,info@aspenchaletcare.com,USA
Scottsdale Property Care,contact@scottsdalepropertycare.com,USA
Maui Luxury Villa Management,info@mauiluxuryvillas.com,USA
Hamptons Estate Care,contact@hamptonsestatecare.com,USA
Lake Tahoe Luxury Care,info@tahoeluxurycare.com,USA
Smoky Mountain Cabin Care,info@smokymountaincabincare.com,USA
